Filename,1AutonomousSearchAverageSizeOfHeap,1AutonomousSearchNumAssignedPredicatesEncountered,1AutonomousSearchNumBackupCalled,1AutonomousSearchNumCalls,1AutonomousSearchNumPredicatesAdded,1AutonomousSearchNumPredicatesRemoved,ERROR,UNSATISFIABLE,engineStatisticsNumConflicts,engineStatisticsNumDecisions,engineStatisticsNumPropagations,engineStatisticsNumRestarts,engineStatisticsTimeSpentInSolver,flatIntConstraints,flatIntVars,flatTime,learnedClauseStatisticsAverageBacktrackAmount,learnedClauseStatisticsAverageConflictSize,learnedClauseStatisticsAverageLbd,learnedClauseStatisticsAverageLearnedClauseLength,learnedClauseStatisticsAverageNumberOfRemovedLiteralsRecursive,learnedClauseStatisticsAverageNumberOfRemovedLiteralsSemantic,learnedClauseStatisticsNumUnitClausesLearned,mddCompilationTime,method,paths
s3-01,73,73,0,1,73,0,0,0,270,278,1885,0,688,3,20,0.0410533,1.0037037037037038,10.21111111111111,5.440740740740741,6.518518518518518,4.059259259259259,0,0,0.428801204,satisfy,0
s3-02,72,72,0,1,72,0,0,0,350,359,2416,0,1244,3,20,0.0295611,1,10.382857142857143,5.7628571428571425,7.091428571428572,3.9457142857142857,0,0,0.314434299,satisfy,0
s3-03,70,70,0,1,70,0,0,0,178,183,1212,0,529,3,20,0.0274956,1,10.387640449438202,5.449438202247191,6.887640449438202,3.9775280898876404,0,0,0.378894125,satisfy,0
s3-04,75,75,0,1,75,0,0,0,1314,1324,8845,0,1850,3,20,0.0285233,1.0038051750380517,9.625570776255708,4.4316271963330784,5.462709284627093,4.232115677321157,0,5,0.388700632,satisfy,0
s3-05,77,77,0,1,77,0,0,0,334,341,2653,0,1317,3,20,0.0310737,1.0119760479041917,9.58682634730539,3.933933933933934,5.583832335329341,2.44311377245509,0,1,0.056677733,satisfy,0
s3-06,77,77,0,1,77,0,0,0,1460,1475,10326,0,2926,3,20,0.0273781,1.0095890410958903,10.042465753424658,4.493122420907841,5.641095890410959,4.313013698630137,0,6,0.323202153,satisfy,0
s3-07,73,73,0,1,73,0,0,0,428,433,3043,0,1127,3,20,0.0304522,1,10.495327102803738,5.313084112149533,6.677570093457944,4.214953271028038,0,0,0.325788297,satisfy,0
s3-08,77,77,0,1,77,0,0,0,309,312,2503,0,1522,3,20,0.0253612,1,9.391585760517799,3.7435064935064934,5.433656957928803,2.0841423948220066,0,1,0.069517309,satisfy,0
s3-09,77,77,0,1,77,0,0,0,181,187,1442,0,1114,3,20,0.0309838,1,9.171270718232044,3.511111111111111,5.176795580110498,2.0497237569060776,0,1,0.117374633,satisfy,0
s3-10,77,77,0,1,77,0,0,0,953,962,6374,0,1987,3,20,0.0331752,1.0052465897166842,9.958027282266526,4.590956887486856,5.922350472193075,4.430220356768101,0,2,0.350400358,satisfy,0
s4-01,112,112,0,1,112,0,0,0,39823,39856,343291,0,946260,4,30,0.0301059,1.0005524445672098,15.486854330412074,8.784847952188434,11.700775933505764,5.6905054867789975,0,0,8.534289298000001,satisfy,0
s4-02,,,,,,,0,0,65397,65432,559090,0,1192830,4,30,0.0155376,1.000397571754056,15.383045093811642,8.83818829609921,10.839182225484349,6.9123660106732725,0,0,7.046334875,satisfy,0
s4-03,,,,,,,0,0,58973,59551,547555,0,1191951,4,30,0.0210121,1.009648483204178,15.497464941583436,8.403574517151917,10.948908822681567,5.947874451019958,0,0,7.9079012330000005,satisfy,0
s4-04,113,113,0,1,113,0,0,0,43164,43211,374383,0,692395,4,30,0.0172109,1.000810860902604,15.827796311741265,8.808497822259291,11.46997497914929,5.828398665554629,0,0,7.031550225,satisfy,0
s4-05,107,107,0,1,107,0,0,0,9242,9257,85057,0,153199,4,30,0.0149907,1.0004328067517854,15.433564163600952,9.007465916468297,11.90824496862151,4.649967539493616,0,0,5.079262581,satisfy,0
s4-06,110,110,0,1,110,0,0,0,27678,27731,234537,0,514269,4,30,0.0152447,1.001589710239179,15.747994797311945,8.89121323795072,12.277837994074716,4.936483849989161,0,0,5.951043082,satisfy,0
s4-07,,,,,,,0,0,69140,69214,589689,0,1192878,4,30,0.0164824,1.0009256580850447,15.727972230257448,8.584408446630025,11.83043100954585,5.704917558576801,0,0,6.990948568,satisfy,0
s4-08,113,113,0,1,113,0,0,0,54047,54069,455917,0,761943,4,30,0.0151529,1.0002405313893463,15.625492626787796,9.20929931356042,11.735544988621015,6.053638499824227,0,0,7.012818414,satisfy,0
s4-09,104,104,0,1,104,0,0,0,2747,2762,24616,0,37958,4,30,0.01554,1.001820167455406,15.390971969421187,9.15435020021842,11.373134328358208,4.996723698580269,0,0,4.217433711,satisfy,0
s4-10,,,,,,,0,0,83341,83376,713881,0,1192862,4,30,0.0141248,1.0003359690908435,15.538402466973038,8.824780120228938,11.310423441043424,6.506353415485775,0,0,7.013506039,satisfy,0
s5-01,,,,,,,1,0,,,,,,5,40,0.0297147,,,,,,,,,satisfy,0
s5-02,,,,,,,1,0,,,,,,5,40,0.035118,,,,,,,,,satisfy,0
s5-03,,,,,,,1,0,,,,,,5,40,0.0316218,,,,,,,,,satisfy,0
s5-04,,,,,,,1,0,,,,,,5,40,0.0306922,,,,,,,,,satisfy,0
s5-05,,,,,,,1,0,,,,,,5,40,0.0308545,,,,,,,,,satisfy,0
s5-06,,,,,,,1,0,,,,,,5,40,0.0304836,,,,,,,,,satisfy,0
s5-07,,,,,,,1,0,,,,,,5,40,0.0280639,,,,,,,,,satisfy,0
s5-08,,,,,,,1,0,,,,,,5,40,0.0286388,,,,,,,,,satisfy,0
s5-09,,,,,,,1,0,,,,,,5,40,0.0325962,,,,,,,,,satisfy,0
s5-10,,,,,,,1,0,,,,,,5,40,0.0273499,,,,,,,,,satisfy,0
u3-01,,,,,,,0,1,438,437,3522,0,1081,3,20,0.0272223,1,9.416475972540045,3.5906976744186045,5.032036613272311,2.4324942791762014,0,7,0.035203225,satisfy,0
u3-02,,,,,,,0,1,1588,1589,10916,0,1702,3,20,0.01549,1.0012602394454946,9.909262759924385,4.60126582278481,5.791430371770637,4.417139256458727,0,7,0.181286383,satisfy,0
u3-03,,,,,,,0,1,1254,1263,9022,0,1558,3,20,0.0147595,1.0079808459696729,9.773343974461293,4.402889245585874,5.5658419792498,4.019952114924182,0,7,0.190650695,satisfy,0
u3-04,,,,,,,0,1,1373,1395,9819,0,2058,3,20,0.015352,1.0167638483965014,9.626822157434402,4.392961876832844,5.642857142857143,3.7252186588921283,0,8,0.203674099,satisfy,0
u3-05,,,,,,,0,1,1670,1675,11736,0,2190,3,20,0.0154708,1.0035949670461355,9.919712402636309,4.554753309265944,5.720790892750149,4.056321150389455,0,7,0.202186603,satisfy,0
u3-06,,,,,,,0,1,350,349,2937,0,857,3,20,0.0155988,1,9.063037249283667,3.3508771929824563,4.782234957020058,1.9570200573065903,0,7,0.041451102,satisfy,0
u3-07,,,,,,,0,1,2007,2023,13147,0,2798,3,20,0.0162383,1.0084745762711864,9.912263210368893,4.67967967967968,6.084745762711864,4.283150548354935,0,8,0.198961995,satisfy,0
u3-08,,,,,,,0,1,315,314,2640,0,669,3,20,0.0159987,1,9.26751592356688,3.25,4.592356687898089,2.1974522292993632,0,6,0.03722454,satisfy,0
u3-09,,,,,,,0,1,1590,1594,10797,0,2076,3,20,0.0148448,1.0031466331025802,9.755821271239773,4.509481668773704,5.761485210824418,3.9452485840151037,0,7,0.219332698,satisfy,0
u3-10,,,,,,,0,1,2069,2078,14328,0,2081,3,20,0.0186111,1.004835589941973,9.86073500967118,4.678970373967946,5.821566731141199,4.129593810444875,0,9,0.191666467,satisfy,0
u4-01,,,,,,,0,0,95765,96103,816810,0,1079442,4,30,0.015774,1.0034459353626064,15.251574165927009,8.559901843053307,11.06600532553647,6.631869680989923,0,0,120.415825817,satisfy,0
u4-02,,,,,,,0,0,78582,78628,651966,0,1191408,4,30,0.0366596,1.0004581201801939,15.450204881525032,8.42224682497264,10.93022575144435,6.386220763024611,0,0,8.413327899,satisfy,0
u4-03,,,,,,,0,0,71342,71375,620265,0,1191515,4,30,0.0338253,1.0003504247147543,15.58757814471139,8.421771186678255,11.101749320176053,6.437217908104623,0,0,8.315409539000001,satisfy,0
u4-04,,,,,,,0,0,72751,72790,601009,0,1192291,4,30,0.0191002,1.0004123654657668,15.774408599194512,8.580912977141208,11.26932963120782,6.371541284655881,0,0,7.554315391,satisfy,0
u4-05,,,,,,,0,0,63212,63419,547614,0,1193018,4,30,0.0182329,1.0031323166487376,15.636477251154844,8.432243877744732,11.693017148642662,5.313057647282162,0,0,6.8178827680000005,satisfy,0
u4-06,,,,,,,0,0,72321,72364,600809,0,1191234,4,30,0.0199915,1.0004977807275894,15.580965418066675,8.464360282628835,11.15624783949337,6.059816650765338,0,0,8.607429946,satisfy,0
u4-07,,,,,,,0,0,77831,77858,669040,0,1191301,4,30,0.0181948,1.000244118667369,15.45690020685845,8.570196965219514,11.107180943325924,6.645655330138377,0,0,8.545824273000001,satisfy,0
u4-08,,,,,,,0,0,69792,69832,599302,0,1192600,4,30,0.0185894,1.000515818431912,15.756118179734067,8.429103622191656,11.532353278312701,5.887136061439707,0,0,7.252039389,satisfy,0
u4-09,,,,,,,0,0,82055,82142,685085,0,1191410,4,30,0.0176315,1.0009627688745353,15.511632441654987,8.735579794040582,11.514386691853025,6.227310949972579,0,0,8.45737972,satisfy,0
u4-10,,,,,,,0,0,74451,74520,635556,0,1192343,4,30,0.0209111,1.0007790358759452,15.416488697263972,8.52590294287518,11.492444695168635,5.692347987266793,0,0,7.498486493,satisfy,0
u5-01,,,,,,,1,0,,,,,,5,40,0.0345972,,,,,,,,,satisfy,0
u5-02,,,,,,,1,0,,,,,,5,40,0.0445035,,,,,,,,,satisfy,0
u5-03,,,,,,,1,0,,,,,,5,40,0.038541,,,,,,,,,satisfy,0
u5-04,,,,,,,1,0,,,,,,5,40,0.035787,,,,,,,,,satisfy,0
u5-05,,,,,,,1,0,,,,,,5,40,0.0346705,,,,,,,,,satisfy,0
u5-06,,,,,,,1,0,,,,,,5,40,0.0333574,,,,,,,,,satisfy,0
u5-07,,,,,,,1,0,,,,,,5,40,0.0366524,,,,,,,,,satisfy,0
u5-08,,,,,,,1,0,,,,,,5,40,0.038806,,,,,,,,,satisfy,0
u5-09,,,,,,,1,0,,,,,,5,40,0.0401227,,,,,,,,,satisfy,0
u5-10,,,,,,,1,0,,,,,,5,40,0.0369732,,,,,,,,,satisfy,0
