Filename,11AutonomousSearchAverageSizeOfHeap,11AutonomousSearchNumAssignedPredicatesEncountered,11AutonomousSearchNumBackupCalled,11AutonomousSearchNumCalls,11AutonomousSearchNumPredicatesAdded,11AutonomousSearchNumPredicatesRemoved,ERROR,UNKNOWN,UNSATISFIABLE,engineStatisticsNumConflicts,engineStatisticsNumDecisions,engineStatisticsNumPropagations,engineStatisticsNumRestarts,engineStatisticsTimeSpentInSolver,flatIntConstraints,flatIntVars,flatTime,learnedClauseStatisticsAverageBacktrackAmount,learnedClauseStatisticsAverageConflictSize,learnedClauseStatisticsAverageLbd,learnedClauseStatisticsAverageLearnedClauseLength,learnedClauseStatisticsAverageNumberOfRemovedLiteralsRecursive,learnedClauseStatisticsAverageNumberOfRemovedLiteralsSemantic,learnedClauseStatisticsNumUnitClausesLearned,mddCompilationTime,method,paths
s3-01,1034,1034,0,1,1034,0,0,0,0,5156,5498,188615,0,3656,3,20,0.0203006,1.0649728471683475,10.728277734678045,6.775601241272304,13.579519006982157,1.8114817688130334,0.02230411171450737,0,0.327733219,satisfy,0
s3-02,1154,1154,0,1,1154,0,0,0,0,4773,5172,271362,0,4692,3,20,0.0204493,1.0810810810810811,11.09553739786298,6.9358893777498425,12.782945736434108,2.023465325790907,0.00251414204902577,0,0.299142659,satisfy,0
s3-03,1070,1070,0,1,1070,0,0,0,0,4947,5609,221900,0,4631,3,20,0.0233762,1.131999191429149,10.75803517283202,6.899332929047908,13.151809177279159,2.4792803719425915,0.036385688295936934,0,0.299740574,satisfy,0
s3-04,1863,1863,0,1,1863,0,0,0,0,5327,5767,436022,0,5577,3,20,0.0184054,1.081659470621363,11.260371691383519,6.201088997371386,12.74544771916651,3.005443964708091,0.0030035667354984044,1,0.286804991,satisfy,0
s3-05,2194,2194,0,1,2194,0,0,0,0,8968,9424,922398,0,18723,3,20,0.0173174,1.0497323818019626,10.539027653880463,6.115436091902744,12.326605709188225,3.2438670829616414,0.0073595004460303304,2,0.236762398,satisfy,0
s3-06,2019,2019,0,1,2019,0,0,0,0,6761,7634,409515,0,7574,3,20,0.0169443,1.1280875610116847,11.697677858304985,6.647781065088758,12.773406300843071,2.9779618399645025,0.013163733175565745,1,0.292877896,satisfy,0
s3-07,1077,1077,0,1,1077,0,0,0,0,4988,5703,204125,0,3288,3,20,0.0172541,1.1413392141138734,11.423616680032078,6.7457898957498,14.125100240577385,1.378307939053729,0.028668805132317562,0,0.302024976,satisfy,0
s3-08,2788,2788,0,1,2788,0,0,0,0,14960,16159,846182,0,14584,3,20,0.0174696,1.079879679144385,12.917513368983958,6.7156705441904,13.663636363636364,2.707553475935829,0.029879679144385028,2,0.262781057,satisfy,0
s3-09,1847,1847,0,1,1847,0,0,0,0,8702,9449,340480,0,8616,3,20,0.0198139,1.085497586761664,10.598483107331647,6.137831934705138,12.081015858423351,2.1746724890829694,0.00850379223167088,3,0.255245523,satisfy,0
s3-10,2300,2300,0,1,2300,0,0,0,0,12689,13880,535035,0,11726,3,20,0.0174461,1.0933879738356056,11.359523997162897,6.964454602774275,13.294979903853731,2.9826621483174405,0.01970210418472693,1,0.30285735,satisfy,0
s4-01,,,,,,,1,0,0,,,,,,4,30,0.0173898,,,,,,,,,satisfy,0
s4-02,,,,,,,1,0,0,,,,,,4,30,0.0330789,,,,,,,,,satisfy,0
s4-03,,,,,,,1,0,0,,,,,,4,30,0.0344512,,,,,,,,,satisfy,0
s4-04,,,,,,,1,0,0,,,,,,4,30,0.0336606,,,,,,,,,satisfy,0
s4-05,,,,,,,1,0,0,,,,,,4,30,0.0340259,,,,,,,,,satisfy,0
s4-06,,,,,,,1,0,0,,,,,,4,30,0.0330318,,,,,,,,,satisfy,0
s4-07,,,,,,,1,0,0,,,,,,4,30,0.0365307,,,,,,,,,satisfy,0
s4-08,,,,,,,1,0,0,,,,,,4,30,0.0395971,,,,,,,,,satisfy,0
s4-09,,,,,,,1,0,0,,,,,,4,30,0.03762,,,,,,,,,satisfy,0
s4-10,,,,,,,1,0,0,,,,,,4,30,0.036124,,,,,,,,,satisfy,0
s5-01,,,,,,,1,0,0,,,,,,5,40,0.0387836,,,,,,,,,satisfy,0
s5-02,,,,,,,1,0,0,,,,,,5,40,0.0402568,,,,,,,,,satisfy,0
s5-03,,,,,,,1,0,0,,,,,,5,40,0.0358707,,,,,,,,,satisfy,0
s5-04,,,,,,,1,0,0,,,,,,5,40,0.0372697,,,,,,,,,satisfy,0
s5-05,,,,,,,1,0,0,,,,,,5,40,0.0346937,,,,,,,,,satisfy,0
s5-06,,,,,,,1,0,0,,,,,,5,40,0.0371759,,,,,,,,,satisfy,0
s5-07,,,,,,,1,0,0,,,,,,5,40,0.0380063,,,,,,,,,satisfy,0
s5-08,,,,,,,1,0,0,,,,,,5,40,0.0405585,,,,,,,,,satisfy,0
s5-09,,,,,,,1,0,0,,,,,,5,40,0.0326197,,,,,,,,,satisfy,0
s5-10,,,,,,,1,0,0,,,,,,5,40,0.037981,,,,,,,,,satisfy,0
u3-01,,,,,,,0,0,1,13769,14711,980449,0,18628,3,20,0.0324175,1.0684921557234166,10.902019174898316,6.426266443782252,13.264962231260895,2.6748983149331784,0.0032684485764090643,9,0.252718239,satisfy,0
u3-02,,,,,,,0,0,1,9598,10211,845438,0,16221,3,20,0.0173999,1.0639783265603835,10.440866937584662,5.661556111806425,10.450244868187976,3.452224653537564,0.02083984578514119,9,0.294128432,satisfy,0
u3-03,,,,,,,0,0,1,4163,4216,524516,0,11417,3,20,0.0174112,1.0129745314752523,10.052378664103797,5.506499759268175,10.125180201826046,4.233301297453147,0.005285920230658337,8,0.242539381,satisfy,0
u3-04,,,,,,,0,0,1,8539,9020,366824,0,8039,3,20,0.0171052,1.0564535019910986,10.08608573436402,5.415758002110446,10.220426329351136,4.3867416256734595,0.015460295151089248,9,0.310751891,satisfy,0
u3-05,,,,,,,0,0,1,10021,10439,666158,0,15250,3,20,0.016763,1.041816367265469,10.661576846307385,5.434039576254247,12.144910179640718,3.0936127744510977,0.0042914171656686624,14,0.279563034,satisfy,0
u3-06,,,,,,,0,0,1,4851,4998,309128,0,7603,3,20,0.0173816,1.0305154639175258,9.796907216494846,5.723254853366377,10.289896907216495,2.6270103092783503,0.001443298969072165,8,0.278014437,satisfy,0
u3-07,,,,,,,0,0,1,15604,16435,594250,0,14025,3,20,0.0176801,1.0533230788950843,10.623469845542523,6.090355264845454,12.223354483112223,2.6855732871883613,0.016983913349996795,9,0.329556367,satisfy,0
u3-08,,,,,,,0,0,1,11211,11714,333391,0,8314,3,20,0.0172017,1.0449598572702943,9.780017841213203,5.721071428571428,11.452631578947368,3.697056199821588,0.06895628902765388,10,0.26854439,satisfy,0
u3-09,,,,,,,0,0,1,13389,14036,665689,0,14454,3,20,0.0166729,1.0484015536301166,10.768897520167314,6.261178405862121,12.32394681804601,3.162010755900807,0.00268897520167314,14,0.309929646,satisfy,0
u3-10,,,,,,,0,0,1,13366,13727,1099224,0,24789,3,20,0.0170538,1.027085671530116,10.455667789001122,6.2023809523809526,12.3658810325477,4.373512906846241,0.00613542835765058,9,0.259968628,satisfy,0
u4-01,,,,,,,1,0,0,,,,,,4,30,0.0176805,,,,,,,,,satisfy,0
u4-02,,,,,,,1,0,0,,,,,,4,30,0.0334004,,,,,,,,,satisfy,0
u4-03,,,,,,,1,0,0,,,,,,4,30,0.0338155,,,,,,,,,satisfy,0
u4-04,,,,,,,1,0,0,,,,,,4,30,0.0387581,,,,,,,,,satisfy,0
u4-05,,,,,,,1,0,0,,,,,,4,30,0.0366939,,,,,,,,,satisfy,0
u4-06,,,,,,,1,0,0,,,,,,4,30,0.0306381,,,,,,,,,satisfy,0
u4-07,,,,,,,1,0,0,,,,,,4,30,0.0313368,,,,,,,,,satisfy,0
u4-08,,,,,,,1,0,0,,,,,,4,30,0.0371242,,,,,,,,,satisfy,0
u4-09,,,,,,,1,0,0,,,,,,4,30,0.0404358,,,,,,,,,satisfy,0
u4-10,,,,,,,1,0,0,,,,,,4,30,0.0379893,,,,,,,,,satisfy,0
u5-01,,,,,,,1,0,0,,,,,,5,40,0.0314012,,,,,,,,,satisfy,0
u5-02,,,,,,,1,0,0,,,,,,5,40,0.0402374,,,,,,,,,satisfy,0
u5-03,,,,,,,1,0,0,,,,,,5,40,0.0347795,,,,,,,,,satisfy,0
u5-04,,,,,,,1,0,0,,,,,,5,40,0.0339933,,,,,,,,,satisfy,0
u5-05,,,,,,,1,0,0,,,,,,5,40,0.0377645,,,,,,,,,satisfy,0
u5-06,,,,,,,1,0,0,,,,,,5,40,0.0354844,,,,,,,,,satisfy,0
u5-07,,,,,,,1,0,0,,,,,,5,40,0.0325298,,,,,,,,,satisfy,0
u5-08,,,,,,,1,0,0,,,,,,5,40,0.0318266,,,,,,,,,satisfy,0
u5-09,,,,,,,1,0,0,,,,,,5,40,0.108217,,,,,,,,,satisfy,0
u5-10,,,,,,,1,0,0,,,,,,5,40,0.033441,,,,,,,,,satisfy,0
