Filename,1AutonomousSearchAverageSizeOfHeap,1AutonomousSearchNumAssignedPredicatesEncountered,1AutonomousSearchNumBackupCalled,1AutonomousSearchNumCalls,1AutonomousSearchNumPredicatesAdded,1AutonomousSearchNumPredicatesRemoved,ERROR,UNKNOWN,UNSATISFIABLE,engineStatisticsNumConflicts,engineStatisticsNumDecisions,engineStatisticsNumPropagations,engineStatisticsNumRestarts,engineStatisticsTimeSpentInSolver,flatIntConstraints,flatIntVars,flatTime,learnedClauseStatisticsAverageBacktrackAmount,learnedClauseStatisticsAverageConflictSize,learnedClauseStatisticsAverageLbd,learnedClauseStatisticsAverageLearnedClauseLength,learnedClauseStatisticsAverageNumberOfRemovedLiteralsRecursive,learnedClauseStatisticsAverageNumberOfRemovedLiteralsSemantic,learnedClauseStatisticsNumUnitClausesLearned,method,paths
s3-01,37,37,0,1,37,0,0,0,0,2875,2883,12544,0,53,3,20,0.0186535,1,10.398260869565217,6.964173913043478,7.964173913043478,5.9499130434782606,0,0,satisfy,0
s3-02,37,37,0,1,37,0,0,0,0,1761,1770,8521,0,23,3,20,0.0199062,1,10.175468483816013,6.7666098807495745,7.7666098807495745,5.286201022146508,0,0,satisfy,0
s3-03,36,36,0,1,36,0,0,0,0,1560,1569,6983,0,22,3,20,0.018938,1,10.528846153846153,7.048076923076923,8.048076923076923,5.822435897435898,0,0,satisfy,0
s3-04,39,39,0,1,39,0,0,0,0,3947,3953,19972,0,78,3,20,0.018276,1,9.735748669875855,5.4644850329781836,6.457562705852546,5.116290853813022,0,5,satisfy,0
s3-05,39,39,0,1,39,0,0,0,0,7597,7601,33322,0,189,3,20,0.0196772,1,10.165986573647492,6.263559768299105,7.317625378438858,5.83519810451494,0,1,satisfy,0
s3-06,39,39,0,1,39,0,0,0,0,16982,16987,74791,0,467,3,20,0.0244033,1,10.124602520315628,6.359978793590952,7.357731715934519,5.758567895418679,0,6,satisfy,0
s3-07,37,37,0,1,37,0,0,0,0,4775,4780,21374,0,87,3,20,0.0189918,1,10.873089005235602,6.977591623036649,7.977591623036649,6.305549738219895,0,0,satisfy,0
s3-08,38,38,0,1,38,0,0,0,0,6384,6387,30949,0,176,3,20,0.0198606,1,9.867951127819548,6.037756540811531,7.146146616541353,5.263627819548872,0,1,satisfy,0
s3-09,39,39,0,1,39,0,0,0,0,11664,11862,45888,0,309,3,20,0.0220714,1.0162894375857339,10.140089163237311,6.740889993998113,7.8032407407407405,6.231910150891633,0,1,satisfy,0
s3-10,39,39,0,1,39,0,0,0,0,9814,9823,40448,0,219,3,20,0.0187465,1,9.909517016507031,6.347737464329392,7.346443855716323,5.884654575096801,0,2,satisfy,0
s4-01,57,57,0,1,57,0,0,0,0,691492,691522,3734001,0,24039,4,30,0.0206252,1.0000260306699138,15.589087075483159,11.17541489995546,12.29331792703314,10.352462501373841,0,0,satisfy,0
s4-02,58,58,0,1,58,0,0,0,0,713869,713878,4198502,0,28122,4,30,0.0262373,1,15.487852813331298,10.356218017591463,11.37223075942505,10.357204192926153,0,0,satisfy,0
s4-03,59,59,0,1,59,0,0,0,0,4719000,4719013,25234097,0,228274,4,30,0.0224699,1,15.07090675990676,10.583280002780253,11.583271031998304,10.023020555202374,0,4,satisfy,0
s4-04,57,57,0,1,57,0,0,0,0,982641,982654,4823715,0,35818,4,30,0.0473747,1,15.415967784775924,11.328194121759624,12.328194121759624,10.80411666112039,0,0,satisfy,0
s4-05,55,55,0,1,55,0,0,0,0,210706,210719,1164928,0,7876,4,30,0.0450944,1,14.997456171157916,11.22774861655577,12.87241464410126,8.9699154271829,0,0,satisfy,0
s4-06,56,56,0,1,56,0,0,0,0,948402,948414,4473448,0,35310,4,30,0.0212776,1,15.444853553661844,11.803720363305855,12.803720363305855,10.399690215752392,0,0,satisfy,0
s4-07,59,59,0,1,59,0,0,0,0,6491125,6491138,31883790,0,286807,4,30,0.0219557,1,15.281699089140943,10.949556024366819,11.94955096381598,10.480693870476998,0,3,satisfy,0
s4-08,57,57,0,1,57,0,0,0,0,606341,606353,3020048,0,23108,4,30,0.0242521,1,15.249912178130788,11.313768984779191,12.313768984779191,10.213069873223153,0,0,satisfy,0
s4-09,55,55,0,1,55,0,0,0,0,63733,63746,346436,0,2942,4,30,0.0208436,1,15.676148933833336,11.390111872970047,12.735458867462697,9.699794454991919,0,0,satisfy,0
s4-10,59,59,0,1,59,0,0,0,0,3106859,3106871,16788479,0,145709,4,30,0.041221,1,15.44530022122021,10.608231405565174,11.608224576654429,10.48732208317146,0,2,satisfy,0
s5-01,,,,,,,0,1,0,75574877,75575309,474441950,0,3599764,5,40,0.0297618,1.0000054912428107,20.27798049873108,14.715267522036457,15.734498370404228,15.551459726490855,0,0,satisfy,0
s5-02,75,75,0,1,75,0,0,0,0,42706159,42780840,262505079,0,1898452,5,40,0.0352561,1.0017483895004464,20.026237878241403,15.167775566048915,16.414237346889472,14.756905953541736,0,0,satisfy,0
s5-03,,,,,,,0,1,0,80941157,80999464,496421894,0,3599765,5,40,0.030176,1.0007201651441677,20.754864240450626,15.30050131356536,16.509241843429542,15.240490471367984,0,0,satisfy,0
s5-04,74,74,0,1,74,0,0,0,0,26167800,26167862,160875193,0,1195879,5,40,0.0428863,1.0000017196707405,20.233806395646557,15.782168428373803,17.14334395707702,13.829457921567728,0,0,satisfy,0
s5-05,,,,,,,0,1,0,83758975,83762121,485454517,0,3599794,5,40,0.0229887,1.0000373691296962,20.585602271278987,15.670881514488448,16.670883747085014,15.442487088697062,0,0,satisfy,0
s5-06,,,,,,,0,1,0,89541386,89541402,549120288,0,3599806,5,40,0.0216425,1,20.182527753144228,15.063480589858191,16.06348058985819,14.801445892293872,0,0,satisfy,0
s5-07,,,,,,,0,1,0,89611797,89611811,537706913,0,3599822,5,40,0.0199978,1,20.356354688434603,15.878780301660505,17.995946292651624,13.521728283163432,0,0,satisfy,0
s5-08,,,,,,,0,1,0,91964320,92207104,533799120,0,3599827,5,40,0.0209682,1.0026397955206976,20.269147871696326,15.52590765636064,16.59479472038721,14.97076404196758,0,0,satisfy,0
s5-09,,,,,,,0,1,0,90815430,90815443,565507030,0,3599810,5,40,0.0377904,1,19.96149421964968,15.636595488233663,16.636595488233663,14.392135257191427,0,0,satisfy,0
s5-10,,,,,,,0,1,0,92436235,92436252,540024529,0,3599838,5,40,0.0193009,1,20.806491469497864,15.965040906306927,16.965040906306925,15.331598728572189,0,0,satisfy,0
u3-01,,,,,,,0,0,1,8175,8174,39290,0,189,3,20,0.0178614,1,9.703572302422314,5.839701200097967,6.92610716907267,5.080009787129924,0,8,satisfy,0
u3-02,,,,,,,0,0,1,5484,5483,30503,0,121,3,20,0.0194032,1,9.968995075688492,5.465205479452055,6.45723144264089,5.158672259711836,0,8,satisfy,0
u3-03,,,,,,,0,0,1,7913,7912,34948,0,186,3,20,0.0182513,1,9.75947927199191,5.91562302340291,6.910389282103134,5.512639029322548,0,7,satisfy,0
u3-04,,,,,,,0,0,1,16502,16501,67368,0,490,3,20,0.0199037,1,9.75977213502212,6.276359667737828,7.273316768680686,5.630264832434398,0,8,satisfy,0
u3-05,,,,,,,0,0,1,9254,9253,45467,0,226,3,20,0.0185257,1,10.087214957311142,5.959978366684695,6.95482546201232,5.45466335242624,0,8,satisfy,0
u3-06,,,,,,,0,0,1,12627,12626,60018,0,356,3,20,0.019003,1,9.773008078568035,6.141792819212174,7.409630920323143,4.93149057500396,0,9,satisfy,0
u3-07,,,,,,,0,0,1,30366,30365,111029,0,827,3,20,0.0176704,1,10.13403589659147,6.7880155488206615,7.7860036225917995,6.1924584225259345,0,9,satisfy,0
u3-08,,,,,,,0,0,1,19245,19286,81292,0,548,3,20,0.0183618,1.0021824984410725,9.6729370193307,6.386835127125253,7.527073373519019,5.146954895032218,0,11,satisfy,0
u3-09,,,,,,,0,0,1,9278,9277,45733,0,277,3,20,0.0186556,1,10.143473105529806,5.95619807962024,6.951061765657001,5.381265495310984,0,8,satisfy,0
u3-10,,,,,,,0,0,1,12073,12072,58031,0,319,3,20,0.0186507,1,10.413767395626243,6.164718560888668,7.160122597746852,5.747846255798542,0,9,satisfy,0
u4-01,,,,,,,0,0,1,5710188,5712570,28479244,0,189707,4,30,0.0206949,1.0004173243363133,14.64467678554135,10.71389388241166,11.869048947083519,9.837580625643259,0,12,satisfy,0
u4-02,,,,,,,0,0,1,4734052,4734051,25452582,0,158927,4,30,0.0190603,1,14.970564744655265,10.558179296406156,11.558150302985752,9.95124999709551,0,13,satisfy,0
u4-03,,,,,,,0,0,1,4156886,4156885,24094032,0,142048,4,30,0.0183764,1,15.314520849145454,10.454669389548052,11.454634179199088,9.93649740129929,0,14,satisfy,0
u4-04,,,,,,,0,0,1,6973591,6973590,34042000,0,246149,4,30,0.0185412,1,15.112112269290279,10.814658074996244,11.877784613090245,10.23838682801828,0,14,satisfy,0
u4-05,,,,,,,0,0,1,6868051,6868050,34154118,0,235027,4,30,0.0183855,1,14.985055874666026,10.817511731155749,11.81748968047699,10.197206339499568,0,14,satisfy,0
u4-06,,,,,,,0,0,1,3564227,3564226,19113160,0,126338,4,30,0.0193803,1,14.628714621351172,10.300782417202573,11.300739066490172,9.667031776323949,0,15,satisfy,0
u4-07,,,,,,,0,0,1,2982979,2982978,16338179,0,105228,4,30,0.0177165,1,14.91462960839805,10.175118380537485,11.175074036751193,9.743314902087779,0,13,satisfy,0
u4-08,,,,,,,0,0,1,7584425,7590940,37497390,0,252262,4,30,0.020534,1.000859129183706,15.140473159201015,11.00798796373245,12.008084595481476,10.348380839467836,0,13,satisfy,0
u4-09,,,,,,,0,0,1,5658898,5658897,28944062,0,205200,4,30,0.0204012,1,15.146848935402076,10.741619902440128,11.74159522606614,10.06565449061893,0,13,satisfy,0
u4-10,,,,,,,0,0,1,7094444,7094443,33924822,0,227183,4,30,0.019214,1,14.640463388034833,10.883307592478548,11.88328611562599,10.280878851236102,0,14,satisfy,0
u5-01,,,,,,,0,1,0,92485101,92485117,557977364,0,3599836,5,40,0.0199417,1,20.635119704307833,15.13592448798861,16.77165715589152,14.709224137626233,0,0,satisfy,0
u5-02,,,,,,,0,1,0,90131060,90131077,566106091,0,3599811,5,40,0.021111,1,20.593432408317398,15.43745489068918,16.51890249598751,14.79606156856471,0,0,satisfy,0
u5-03,,,,,,,0,1,0,88932199,88950285,492059919,0,3599783,5,40,0.0417691,1.0002031772541686,20.96997397984053,16.196582679800823,17.207070624667676,15.447305300524505,0,0,satisfy,0
u5-04,,,,,,,0,1,0,86495700,86640862,517266430,0,3599785,5,40,0.0394343,1.0016780718579075,20.49997165176997,15.936628375745846,16.987656947108352,14.918734596055064,0,0,satisfy,0
u5-05,,,,,,,0,1,0,90565066,90565081,515636392,0,3599823,5,40,0.0202788,1,20.83726347640491,15.862513179198698,16.8625131791987,15.617329235977149,0,0,satisfy,0
u5-06,,,,,,,0,1,0,83787661,83838431,486709695,0,3599793,5,40,0.0228446,1.000605745516634,20.232194081656008,15.548389302811543,17.02124487041117,14.754586728468288,0,0,satisfy,0
u5-07,,,,,,,0,1,0,99583328,99665304,585037843,0,3599782,5,40,0.0468892,1.0008230293327816,20.771291395282553,15.35651865340351,16.381014560991574,15.597435586808265,0,0,satisfy,0
u5-08,,,,,,,0,1,0,110043970,110078337,658247682,0,3599820,5,40,0.038822,1.000312138865946,20.601929946729477,15.59251730013012,16.603311021948773,15.072096581030292,0,0,satisfy,0
u5-09,,,,,,,0,1,0,104906457,104906473,692867279,0,3599830,5,40,0.0195431,1,19.79822172433104,15.460293926426283,16.506832463134277,14.362132123097055,0,0,satisfy,0
u5-10,,,,,,,0,1,0,103375053,103375065,604341990,0,3599814,5,40,0.0238859,1,19.498465592080517,15.912978801568304,18.583418883470852,12.642259240244355,0,0,satisfy,0
