Filename,1AutonomousSearchAverageSizeOfHeap,1AutonomousSearchNumAssignedPredicatesEncountered,1AutonomousSearchNumBackupCalled,1AutonomousSearchNumCalls,1AutonomousSearchNumPredicatesAdded,1AutonomousSearchNumPredicatesRemoved,ERROR,UNSATISFIABLE,engineStatisticsNumConflicts,engineStatisticsNumDecisions,engineStatisticsNumPropagations,engineStatisticsNumRestarts,engineStatisticsTimeSpentInSolver,flatIntConstraints,flatIntVars,flatTime,learnedClauseStatisticsAverageBacktrackAmount,learnedClauseStatisticsAverageConflictSize,learnedClauseStatisticsAverageLbd,learnedClauseStatisticsAverageLearnedClauseLength,learnedClauseStatisticsAverageNumberOfRemovedLiteralsRecursive,learnedClauseStatisticsAverageNumberOfRemovedLiteralsSemantic,learnedClauseStatisticsNumUnitClausesLearned,method,paths
s3-01,37,37,0,1,37,0,0,0,2875,2883,12544,0,49,3,20,0.0202603,1,10.398260869565217,6.964173913043478,7.964173913043478,5.9499130434782606,0,0,satisfy,0
s3-02,37,37,0,1,37,0,0,0,1761,1770,8521,0,24,3,20,0.0226107,1,10.175468483816013,6.7666098807495745,7.7666098807495745,5.286201022146508,0,0,satisfy,0
s3-03,36,36,0,1,36,0,0,0,1560,1569,6983,0,25,3,20,0.0203775,1,10.528846153846153,7.048076923076923,8.048076923076923,5.822435897435898,0,0,satisfy,0
s3-04,39,39,0,1,39,0,0,0,3947,3953,19972,0,74,3,20,0.0202698,1,9.735748669875855,5.4644850329781836,6.457562705852546,5.116290853813022,0,5,satisfy,0
s3-05,39,39,0,1,39,0,0,0,7597,7601,33322,0,178,3,20,0.0193958,1,10.165986573647492,6.263559768299105,7.317625378438858,5.83519810451494,0,1,satisfy,0
s3-06,39,39,0,1,39,0,0,0,16982,16987,74791,0,467,3,20,0.019178,1,10.124602520315628,6.359978793590952,7.357731715934519,5.758567895418679,0,6,satisfy,0
s3-07,37,37,0,1,37,0,0,0,4775,4780,21374,0,93,3,20,0.0194485,1,10.873089005235602,6.977591623036649,7.977591623036649,6.305549738219895,0,0,satisfy,0
s3-08,38,38,0,1,38,0,0,0,6384,6387,30949,0,153,3,20,0.0217613,1,9.867951127819548,6.037756540811531,7.146146616541353,5.263627819548872,0,1,satisfy,0
s3-09,39,39,0,1,39,0,0,0,11664,11862,45888,0,304,3,20,0.0219476,1.0162894375857339,10.140089163237311,6.740889993998113,7.8032407407407405,6.231910150891633,0,1,satisfy,0
s3-10,39,39,0,1,39,0,0,0,9814,9823,40448,0,229,3,20,0.021857,1,9.909517016507031,6.347737464329392,7.346443855716323,5.884654575096801,0,2,satisfy,0
s4-01,57,57,0,1,57,0,0,0,691492,691522,3734001,0,23515,4,30,0.0212899,1.0000260306699138,15.589087075483159,11.17541489995546,12.29331792703314,10.352462501373841,0,0,satisfy,0
s4-02,58,58,0,1,58,0,0,0,713869,713878,4198502,0,24983,4,30,0.0194403,1,15.487852813331298,10.356218017591463,11.37223075942505,10.357204192926153,0,0,satisfy,0
s4-03,59,59,0,1,59,0,0,0,4719000,4719013,25234097,0,190260,4,30,0.0313702,1,15.07090675990676,10.583280002780253,11.583271031998304,10.023020555202374,0,4,satisfy,0
s4-04,57,57,0,1,57,0,0,0,982641,982654,4823715,0,33824,4,30,0.0286713,1,15.415967784775924,11.328194121759624,12.328194121759624,10.80411666112039,0,0,satisfy,0
s4-05,55,55,0,1,55,0,0,0,210706,210719,1164928,0,7178,4,30,0.0221533,1,14.997456171157916,11.22774861655577,12.87241464410126,8.9699154271829,0,0,satisfy,0
s4-06,56,56,0,1,56,0,0,0,948402,948414,4473448,0,32395,4,30,0.0205232,1,15.444853553661844,11.803720363305855,12.803720363305855,10.399690215752392,0,0,satisfy,0
s4-07,59,59,0,1,59,0,0,0,6491125,6491138,31883790,0,246925,4,30,0.0206792,1,15.281699089140943,10.949556024366819,11.94955096381598,10.480693870476998,0,3,satisfy,0
s4-08,57,57,0,1,57,0,0,0,606341,606353,3020048,0,20550,4,30,0.022104,1,15.249912178130788,11.313768984779191,12.313768984779191,10.213069873223153,0,0,satisfy,0
s4-09,55,55,0,1,55,0,0,0,63733,63746,346436,0,2282,4,30,0.0222903,1,15.676148933833336,11.390111872970047,12.735458867462697,9.699794454991919,0,0,satisfy,0
s4-10,59,59,0,1,59,0,0,0,3106859,3106871,16788479,0,117673,4,30,0.0237391,1,15.44530022122021,10.608231405565174,11.608224576654429,10.48732208317146,0,2,satisfy,0
s5-01,,,,,,,0,0,27303839,27303890,170954288,0,1199833,5,40,0.0406197,1.0000013184959082,20.31054464538851,14.859113804472697,15.872629632778013,15.43497538935825,0,0,satisfy,0
s5-02,,,,,,,0,0,38114887,38182279,235173594,0,1199849,5,40,0.0239595,1.001767682008345,20.02872163834567,15.175895156136761,16.43388616106877,14.704153681473594,0,0,satisfy,0
s5-03,,,,,,,0,0,40033159,40067303,244709662,0,1199895,5,40,0.0166887,1.000852493304363,20.740088210375802,15.477944545920046,16.78349153010883,15.008654675490385,0,0,satisfy,0
s5-04,74,74,0,1,74,0,0,0,26167800,26167862,160875193,0,875231,5,40,0.0310207,1.0000017196707405,20.233806395646557,15.782168428373803,17.14334395707702,13.829457921567728,0,0,satisfy,0
s5-05,,,,,,,0,0,35183888,35184715,204497185,0,1199847,5,40,0.0329542,1.0000230219013886,20.594259821427354,15.752194726176937,16.75219623254826,15.364886080810626,0,0,satisfy,0
s5-06,,,,,,,0,0,35354142,35354159,218731282,0,1199875,5,40,0.0208227,1,20.14668847005253,15.076766988150922,16.076766988150922,14.62588069595919,0,0,satisfy,0
s5-07,,,,,,,0,0,34402821,34402839,209156370,0,1199864,5,40,0.0333627,1,20.357262533790472,15.961150191724103,18.07961277361528,13.354484505790964,0,0,satisfy,0
s5-08,,,,,,,0,0,36702919,36774841,213812570,0,1199850,5,40,0.0365894,1.001959081238198,20.249732398668346,15.621483702699505,16.68316064997446,14.814877585077088,0,0,satisfy,0
s5-09,,,,,,,0,0,33873613,33873630,209356921,0,1199873,5,40,0.0187786,1,19.917010387997287,15.803269140495878,16.80326914049588,14.278762557746646,0,0,satisfy,0
s5-10,,,,,,,0,0,35103687,35103703,207019428,0,1199879,5,40,0.020196,1,20.790371108311216,16.200756176979358,17.200756176979358,15.062400995086357,0,0,satisfy,0
u3-01,,,,,,,0,1,8175,8174,39290,0,186,3,20,0.0193806,1,9.703572302422314,5.839701200097967,6.92610716907267,5.080009787129924,0,8,satisfy,0
u3-02,,,,,,,0,1,5484,5483,30503,0,110,3,20,0.0180237,1,9.968995075688492,5.465205479452055,6.45723144264089,5.158672259711836,0,8,satisfy,0
u3-03,,,,,,,0,1,7913,7912,34948,0,155,3,20,0.017179,1,9.75947927199191,5.91562302340291,6.910389282103134,5.512639029322548,0,7,satisfy,0
u3-04,,,,,,,0,1,16502,16501,67368,0,400,3,20,0.0189505,1,9.75977213502212,6.276359667737828,7.273316768680686,5.630264832434398,0,8,satisfy,0
u3-05,,,,,,,0,1,9254,9253,45467,0,206,3,20,0.0164876,1,10.087214957311142,5.959978366684695,6.95482546201232,5.45466335242624,0,8,satisfy,0
u3-06,,,,,,,0,1,12627,12626,60018,0,306,3,20,0.0169635,1,9.773008078568035,6.141792819212174,7.409630920323143,4.93149057500396,0,9,satisfy,0
u3-07,,,,,,,0,1,30366,30365,111029,0,740,3,20,0.0177564,1,10.13403589659147,6.7880155488206615,7.7860036225917995,6.1924584225259345,0,9,satisfy,0
u3-08,,,,,,,0,1,19245,19286,81292,0,531,3,20,0.0170736,1.0021824984410725,9.6729370193307,6.386835127125253,7.527073373519019,5.146954895032218,0,11,satisfy,0
u3-09,,,,,,,0,1,9278,9277,45733,0,242,3,20,0.017162,1,10.143473105529806,5.95619807962024,6.951061765657001,5.381265495310984,0,8,satisfy,0
u3-10,,,,,,,0,1,12073,12072,58031,0,321,3,20,0.0174588,1,10.413767395626243,6.164718560888668,7.160122597746852,5.747846255798542,0,9,satisfy,0
u4-01,,,,,,,0,1,5710188,5712570,28479244,0,167809,4,30,0.0193499,1.0004173243363133,14.64467678554135,10.71389388241166,11.869048947083519,9.837580625643259,0,12,satisfy,0
u4-02,,,,,,,0,1,4734052,4734051,25452582,0,132610,4,30,0.0346939,1,14.970564744655265,10.558179296406156,11.558150302985752,9.95124999709551,0,13,satisfy,0
u4-03,,,,,,,0,1,4156886,4156885,24094032,0,120559,4,30,0.0356513,1,15.314520849145454,10.454669389548052,11.454634179199088,9.93649740129929,0,14,satisfy,0
u4-04,,,,,,,0,1,6973591,6973590,34042000,0,208515,4,30,0.0438519,1,15.112112269290279,10.814658074996244,11.877784613090245,10.23838682801828,0,14,satisfy,0
u4-05,,,,,,,0,1,6868051,6868050,34154118,0,205474,4,30,0.0336073,1,14.985055874666026,10.817511731155749,11.81748968047699,10.197206339499568,0,14,satisfy,0
u4-06,,,,,,,0,1,3564227,3564226,19113160,0,110292,4,30,0.0366276,1,14.628714621351172,10.300782417202573,11.300739066490172,9.667031776323949,0,15,satisfy,0
u4-07,,,,,,,0,1,2982979,2982978,16338179,0,93719,4,30,0.0199861,1,14.91462960839805,10.175118380537485,11.175074036751193,9.743314902087779,0,13,satisfy,0
u4-08,,,,,,,0,1,7584425,7590940,37497390,0,218377,4,30,0.0195656,1.000859129183706,15.140473159201015,11.00798796373245,12.008084595481476,10.348380839467836,0,13,satisfy,0
u4-09,,,,,,,0,1,5658898,5658897,28944062,0,166646,4,30,0.0338224,1,15.146848935402076,10.741619902440128,11.74159522606614,10.06565449061893,0,13,satisfy,0
u4-10,,,,,,,0,1,7094444,7094443,33924822,0,177492,4,30,0.0317879,1,14.640463388034833,10.883307592478548,11.88328611562599,10.280878851236102,0,14,satisfy,0
u5-01,,,,,,,0,0,38752369,38752385,235565999,0,1199866,5,40,0.0187154,1,20.661392210628463,15.079420073647627,16.72815463230132,14.704708091523385,0,0,satisfy,0
u5-02,,,,,,,0,0,37701205,37701223,239770152,0,1199869,5,40,0.0175807,1,20.587553368652276,15.642060379767702,16.709503688277337,14.522314233722769,0,0,satisfy,0
u5-03,,,,,,,0,0,39918677,39923104,220769235,0,1199879,5,40,0.0191215,1.0001104495522233,20.95751592669266,16.313157322323082,17.32111041656015,15.354253523983273,0,0,satisfy,0
u5-04,,,,,,,0,0,39071513,39125790,235342973,0,1199875,5,40,0.0187672,1.0013887355731528,20.488582691947457,16.055624080900067,17.125155634490017,14.738249015337594,0,0,satisfy,0
u5-05,,,,,,,0,0,39175976,39175991,225251312,0,1199879,5,40,0.0181999,1,20.871476463024177,15.841884347693087,16.841884347693085,15.588338245867824,0,0,satisfy,0
u5-06,,,,,,,0,0,37889501,37906514,219523647,0,1199879,5,40,0.0178187,1.000448593925795,20.220716683494988,15.510545045182834,16.987927156918747,14.79753417707982,0,0,satisfy,0
u5-07,,,,,,,0,0,38802457,38831521,227099974,0,1199876,5,40,0.0188173,1.0007486639312557,20.79044896564153,15.338078127372192,16.355112512591663,15.690349144643083,0,0,satisfy,0
u5-08,,,,,,,0,0,39320645,39327927,236809034,0,1199848,5,40,0.0186405,1.0001847629915532,20.596768186279753,15.692324807998444,16.70063502264523,14.938417261466592,0,0,satisfy,0
u5-09,,,,,,,0,0,38665793,38665808,256430305,0,1199876,5,40,0.0182148,1,19.785227759327217,15.48853499526054,16.53704528961814,14.288330876855415,0,0,satisfy,0
u5-10,,,,,,,0,0,38143524,38143540,224135111,0,1199881,5,40,0.0188245,1,19.489759729593942,15.931553020638576,18.62354385504601,12.524996222163427,0,0,satisfy,0
