Filename,11AutonomousSearchAverageSizeOfHeap,11AutonomousSearchNumAssignedPredicatesEncountered,11AutonomousSearchNumBackupCalled,11AutonomousSearchNumCalls,11AutonomousSearchNumPredicatesAdded,11AutonomousSearchNumPredicatesRemoved,ERROR,UNKNOWN,UNSATISFIABLE,engineStatisticsNumConflicts,engineStatisticsNumDecisions,engineStatisticsNumPropagations,engineStatisticsNumRestarts,engineStatisticsTimeSpentInSolver,flatIntConstraints,flatIntVars,flatTime,learnedClauseStatisticsAverageBacktrackAmount,learnedClauseStatisticsAverageConflictSize,learnedClauseStatisticsAverageLbd,learnedClauseStatisticsAverageLearnedClauseLength,learnedClauseStatisticsAverageNumberOfRemovedLiteralsRecursive,learnedClauseStatisticsAverageNumberOfRemovedLiteralsSemantic,learnedClauseStatisticsNumUnitClausesLearned,mddCompilationTime,method,nSolutions,paths
qcp-10-67-0_ext,916,916,0,1,916,0,0,0,0,97,748,16417,0,177,20,100,0.342124,7.020618556701031,4.505154639175258,3.7731958762886597,7.020618556701031,0.14432989690721648,0.4845360824742268,0,0.214117377,satisfy,1,0
qcp-10-67-10_ext,,,,,,,0,0,1,85,166,8021,0,105,20,100,0.297509,1.9761904761904763,2.7142857142857144,2.3625,4.869047619047619,0.5119047619047619,0.35714285714285715,4,0.354115112,satisfy,0,0
qcp-10-67-11_ext,,,,,,,0,0,1,360,1032,48901,0,542,20,100,0.221199,2.8746518105849583,3.083565459610028,3.784702549575071,8.072423398328691,0.5598885793871866,0.2757660167130919,6,0.296684703,satisfy,0,0
qcp-10-67-12_ext,,,,,,,0,0,1,91,236,8473,0,78,20,100,0.283439,2.6222222222222222,3.933333333333333,2.3529411764705883,4.9222222222222225,0.7333333333333333,0.26666666666666666,5,0.229412598,satisfy,0,0
qcp-10-67-13_ext,,,,,,,0,0,1,136,391,17754,0,144,20,100,0.313287,2.8962962962962964,2.8740740740740742,2.857142857142857,5.614814814814815,0.6518518518518519,0.23703703703703705,2,0.194160364,satisfy,0,0
qcp-10-67-14_ext,,,,,,,0,0,1,33,63,3250,0,26,20,100,0.301719,1.96875,2.34375,1.6666666666666667,3.25,0.53125,0.09375,5,0.284301284,satisfy,0,0
qcp-10-67-1_ext,390,390,0,1,390,0,0,0,0,48,370,8284,0,78,20,100,0.272048,6.791666666666667,7.875,3.5625,7.25,0.22916666666666666,0.4375,0,0.129914085,satisfy,1,0
qcp-10-67-2_ext,374,374,0,1,374,0,0,0,0,51,559,7363,0,162,20,100,0.159208,10.215686274509803,8.92156862745098,3.3529411764705883,7.529411764705882,0.3137254901960784,0.5686274509803921,0,0.461169296,satisfy,1,0
qcp-10-67-3_ext,1027,1027,0,1,1027,0,0,0,0,94,670,8266,0,88,20,100,0.215588,6.6063829787234045,4.691489361702128,5.191489361702128,11.22340425531915,0.48936170212765956,0.3829787234042553,0,0.24591084,satisfy,1,0
qcp-10-67-4_ext,282,282,0,1,282,0,0,0,0,31,345,4990,0,43,20,100,0.279909,9.387096774193548,5.451612903225806,3.5161290322580645,5.612903225806452,0.12903225806451613,0.4838709677419355,0,0.196498955,satisfy,1,0
qcp-10-67-5_ext,712,712,0,1,712,0,0,0,0,61,385,6948,0,60,20,100,0.319609,5.590163934426229,5.737704918032787,4.721311475409836,10.540983606557377,0.3770491803278688,0.4098360655737705,0,0.22601529,satisfy,1,0
qcp-10-67-6_ext,404,404,0,1,404,0,0,0,0,46,484,8561,0,74,20,100,0.248223,9.391304347826088,7.369565217391305,3.9347826086956523,6.456521739130435,0.391304347826087,0.45652173913043476,0,0.279667075,satisfy,1,0
qcp-10-67-7_ext,1211,1211,0,1,1211,0,0,0,0,481,1457,63258,0,931,20,100,0.312717,2.9313929313929314,3.5322245322245323,3.127348643006263,8.282744282744282,0.5717255717255717,0.4365904365904366,2,0.246019426,satisfy,1,0
qcp-10-67-8_ext,296,296,0,1,296,0,0,0,0,53,622,10111,0,164,20,100,0.338104,10.716981132075471,7.433962264150943,3.0377358490566038,5.566037735849057,0.33962264150943394,0.660377358490566,0,0.500878599,satisfy,1,0
qcp-10-67-9_ext,1084,1084,0,1,1084,0,0,0,0,153,781,22713,0,530,20,100,0.283426,4.771241830065359,4.607843137254902,3.784313725490196,8.026143790849673,0.2875816993464052,0.5032679738562091,0,0.593297436,satisfy,1,0
qcp-15-120-0_ext,3040,3040,0,1,3040,0,0,0,0,542,4556,134803,0,1376,30,225,0.179592,8.195571955719558,5.293357933579336,6.843173431734317,21.14391143911439,0.7324723247232472,0.4483394833948339,0,10.27507492,satisfy,1,0
qcp-15-120-10_ext,,,,,,,0,0,1,12828,25889,2508726,0,36025,30,225,0.238825,2.018320729710766,5.419895532860373,6.608020597643755,25.07944180244796,3.0249473766274266,0.6282061276993841,10,14.164995362,satisfy,0,0
qcp-15-120-11_ext,,,,,,,0,0,1,37,153,14580,0,183,30,225,0.205521,4.25,2.9444444444444446,2.2666666666666666,4,0.3055555555555556,0.3055555555555556,6,6.19884888,satisfy,0,0
qcp-15-120-12_ext,,,,,,,0,0,1,697,2719,152231,0,2197,30,225,0.424547,3.906609195402299,3.3275862068965516,6.134199134199134,17.227011494252874,0.9683908045977011,0.4396551724137931,3,9.494108693,satisfy,0,0
qcp-15-120-13_ext,,,,,,,0,0,1,6923,15522,1512191,0,47418,30,225,0.174101,2.2424154868535107,4.483819705287489,4.9688901750832,21.74934989887316,3.7003756139843977,0.5205143022247906,11,7.479714694,satisfy,0,0
qcp-15-120-14_ext,,,,,,,0,0,1,84,392,26562,0,3639,30,225,0.226117,4.72289156626506,2.7590361445783134,2.935064935064935,5.554216867469879,0.4819277108433735,0.26506024096385544,6,7.977180112,satisfy,0,0
qcp-15-120-1_ext,3253,3253,0,1,3253,0,0,0,0,1615,5705,399109,0,7964,30,225,0.482839,3.4792569659442725,4.401857585139319,8.797523219814241,28.78204334365325,2.1808049535603713,0.5758513931888545,0,12.504871936,satisfy,1,0
qcp-15-120-2_ext,3271,3271,0,1,3271,0,0,0,0,1092,6638,252798,0,5717,30,225,0.18883,5.975274725274725,4.431318681318682,7.521062271062271,21.17948717948718,0.9459706959706959,0.5036630036630036,0,10.690158949,satisfy,1,0
qcp-15-120-3_ext,2990,2990,0,1,2990,0,0,0,0,365,3631,111494,0,7514,30,225,0.348619,9.67945205479452,4.742465753424658,4.852054794520548,12.178082191780822,0.726027397260274,0.4876712328767123,0,4.816159986,satisfy,1,0
qcp-15-120-4_ext,2593,2593,0,1,2593,0,0,0,0,377,3425,76557,0,3959,30,225,0.279034,8.838196286472149,4.384615384615385,6.039787798408488,17.039787798408486,0.5119363395225465,0.5172413793103449,0,8.016358587,satisfy,1,0
qcp-15-120-5_ext,4065,4065,0,1,4065,0,0,0,0,10637,29852,3017437,0,57842,30,225,0.397757,2.7967472031587852,4.7819874024631,5.883110776753808,25.240293315784527,4.981949797875341,0.821284196671994,3,7.997440293,satisfy,1,0
qcp-15-120-6_ext,3156,3156,0,1,3156,0,0,0,0,1045,4998,246982,0,3990,30,225,0.367524,4.700478468899521,4.332057416267943,7.585645933014354,22.442105263157895,1.0516746411483253,0.44401913875598087,0,17.247225155,satisfy,1,0
qcp-15-120-7_ext,3647,3647,0,1,3647,0,0,0,0,4415,11732,969032,0,16802,30,225,0.498328,2.636013590033975,5.169648924122311,10.302899864068872,34.80906002265006,2.339977349943375,0.5764439411098528,1,11.050949604,satisfy,1,0
qcp-15-120-8_ext,3425,3425,0,1,3425,0,0,0,0,1095,6344,243898,0,2814,30,225,8.69849,5.71324200913242,4.682191780821918,7.052054794520548,22.95799086757991,1.0337899543378994,0.5442922374429223,0,20.617893558,satisfy,1,0
qcp-15-120-9_ext,3858,3858,0,1,3858,0,0,0,0,13028,31249,2823685,0,59260,30,225,0.416873,2.3910807491556647,5.112143076450722,8.174623887012588,31.018728891618053,3.3045747620509673,0.6992631255756832,0,14.267653094,satisfy,1,0
qcp-20-187-0_ext,,,,,,,0,1,0,,,,,,40,400,1.26016,,,,,,,,,satisfy,,0
qcp-20-187-10_ext,,,,,,,0,1,0,,,,,,40,400,0.459903,,,,,,,,,satisfy,,0
qcp-20-187-11_ext,,,,,,,0,1,0,,,,,,40,400,2.23761,,,,,,,,,satisfy,,0
qcp-20-187-12_ext,,,,,,,0,1,0,,,,,,40,400,0.535547,,,,,,,,,satisfy,,0
qcp-20-187-13_ext,,,,,,,0,1,0,,,,,,40,400,0.518272,,,,,,,,,satisfy,,0
qcp-20-187-14_ext,,,,,,,0,1,0,,,,,,40,400,0.551214,,,,,,,,,satisfy,,0
qcp-20-187-1_ext,,,,,,,0,1,0,,,,,,40,400,0.419434,,,,,,,,,satisfy,,0
qcp-20-187-2_ext,,,,,,,0,1,0,,,,,,40,400,0.465186,,,,,,,,,satisfy,,0
qcp-20-187-3_ext,,,,,,,0,1,0,,,,,,40,400,0.569771,,,,,,,,,satisfy,,0
qcp-20-187-4_ext,,,,,,,0,1,0,,,,,,40,400,0.445321,,,,,,,,,satisfy,,0
qcp-20-187-5_ext,,,,,,,0,1,0,,,,,,40,400,0.449068,,,,,,,,,satisfy,,0
qcp-20-187-6_ext,,,,,,,0,1,0,,,,,,40,400,0.480255,,,,,,,,,satisfy,,0
qcp-20-187-7_ext,,,,,,,0,1,0,,,,,,40,400,0.61509,,,,,,,,,satisfy,,0
qcp-20-187-8_ext,,,,,,,0,1,0,,,,,,40,400,0.484646,,,,,,,,,satisfy,,0
qcp-20-187-9_ext,,,,,,,0,1,0,,,,,,40,400,0.571925,,,,,,,,,satisfy,,0
qcp-25-264-0_ext,,,,,,,0,1,0,,,,,,50,625,0.448208,,,,,,,,,satisfy,,0
qcp-25-264-10_ext,,,,,,,0,1,0,,,,,,50,625,0.620819,,,,,,,,,satisfy,,0
qcp-25-264-11_ext,,,,,,,0,1,0,,,,,,50,625,0.545194,,,,,,,,,satisfy,,0
qcp-25-264-12_ext,,,,,,,0,1,0,,,,,,50,625,0.57871,,,,,,,,,satisfy,,0
qcp-25-264-13_ext,,,,,,,0,1,0,,,,,,50,625,0.669897,,,,,,,,,satisfy,,0
qcp-25-264-14_ext,,,,,,,0,1,0,,,,,,50,625,0.492119,,,,,,,,,satisfy,,0
qcp-25-264-1_ext,,,,,,,0,1,0,,,,,,50,625,0.573203,,,,,,,,,satisfy,,0
qcp-25-264-2_ext,,,,,,,0,1,0,,,,,,50,625,0.453124,,,,,,,,,satisfy,,0
qcp-25-264-3_ext,,,,,,,0,1,0,,,,,,50,625,0.470832,,,,,,,,,satisfy,,0
qcp-25-264-4_ext,,,,,,,0,1,0,,,,,,50,625,0.480238,,,,,,,,,satisfy,,0
qcp-25-264-5_ext,,,,,,,0,1,0,,,,,,50,625,0.40829,,,,,,,,,satisfy,,0
qcp-25-264-6_ext,,,,,,,0,1,0,,,,,,50,625,0.477416,,,,,,,,,satisfy,,0
qcp-25-264-7_ext,,,,,,,0,1,0,,,,,,50,625,0.499989,,,,,,,,,satisfy,,0
qcp-25-264-8_ext,,,,,,,0,1,0,,,,,,50,625,0.397202,,,,,,,,,satisfy,,0
qcp-25-264-9_ext,,,,,,,0,1,0,,,,,,50,625,0.446882,,,,,,,,,satisfy,,0
